id,name,model_id/id,group_id/id,perm_read,perm_write,perm_create,perm_unlink
access_dtm_ordenes_compra,access.dtm.ordenes.compra,model_dtm_ordenes_compra,dtm_cotizaciones.group_ventas_usuarios,1,1,1,0
access_dtm_ordenes_compra_admin,access.dtm.ordenes.compra.admin,model_dtm_ordenes_compra,dtm_cotizaciones.group_ventas_admin,1,1,1,1
access_dtm_ordenes_compra_restriccion,access.dtm.ordenes.compra.restriccion,model_dtm_ordenes_compra,dtm_cotizaciones.group_ventas_restriccion,1,1,1,1
access_dtm_ordenes_compra_facturador,access.dtm.ordenes.compra.facturador,model_dtm_ordenes_compra,dtm_ordenes_compra.group_dtm_facturador,1,1,1,1

access_dtm_compras_items,access.dtm.compras.items,model_dtm_compras_items,dtm_cotizaciones.group_ventas_usuarios,1,1,1,1
access_dtm_compras_items_admin,access.dtm.compras.items.admin,model_dtm_compras_items,dtm_cotizaciones.group_ventas_admin,1,1,1,1
access_dtm_compras_items_restriccion,access.dtm.compras.items.restriccion,model_dtm_compras_items,dtm_cotizaciones.group_ventas_restriccion,1,1,1,1

access_dtm_ordenes_compra_precotizaciones,access.dtm.ordenes.compra.precotizaciones,model_dtm_ordenes_compra_precotizaciones,dtm_cotizaciones.group_ventas_usuarios,1,1,1,1
access_dtm_ordenes_compra_precotizaciones_admin,access.dtm.ordenes.compra.precotizaciones.admin,model_dtm_ordenes_compra_precotizaciones,dtm_cotizaciones.group_ventas_admin,1,1,1,1

access_dtm_ordenes_compra_facturado,access.dtm.ordenes.compra.facturado,model_dtm_ordenes_compra_facturado,dtm_cotizaciones.group_ventas_usuarios,1,1,1,1
access_dtm_ordenes_compra_facturado_admin,access.dtm.ordenes.compra.facturado.admin,model_dtm_ordenes_compra_facturado,dtm_cotizaciones.group_ventas_admin,1,1,1,1

access_dtm_compra_facturado_item,access.dtm.compra.facturado.item,model_dtm_compra_facturado_item,dtm_cotizaciones.group_ventas_usuarios,1,1,1,1
access_dtm_compra_facturado_item_admin,access.dtm.compra.facturado.item.admin,model_dtm_compra_facturado_item,dtm_cotizaciones.group_ventas_admin,1,1,1,1

access_dtm_compras_facturado_archivos,access.dtm.compras.facturado.archivos,model_dtm_compras_facturado_archivos,dtm_cotizaciones.group_ventas_usuarios,1,1,1,1
access_dtm_compras_facturado_archivos_admin,access.dtm.compras.facturado.archivos.admin,model_dtm_compras_facturado_archivos,dtm_cotizaciones.group_ventas_admin,1,1,1,1

access_dtm_ordenes_minutas,access.dtm.ordenes.minutas,model_dtm_ordenes_minutas,dtm_cotizaciones.group_ventas_usuarios,1,1,1,1
access_dtm_ordenes_minutas_admin,access.dtm.ordenes.minutas.admin,model_dtm_ordenes_minutas,dtm_cotizaciones.group_ventas_admin,1,1,1,1

access_dtm_ordenes_asistentes,access.dtm.ordenes.asistentes,model_dtm_ordenes_asistentes,dtm_cotizaciones.group_ventas_usuarios,1,1,1,1
access_dtm_ordenes_asistentes_admin,access.dtm.ordenes.asistentes.admin,model_dtm_ordenes_asistentes,dtm_cotizaciones.group_ventas_admin,1,1,1,1

access_dtm_ordenes_nombres,access.dtm.ordenes.nombres,model_dtm_ordenes_nombres,dtm_cotizaciones.group_ventas_usuarios,1,1,1,1
access_dtm_ordenes_nombres_admin,access.dtm.ordenes.nombres.admin,model_dtm_ordenes_nombres,dtm_cotizaciones.group_ventas_admin,1,1,1,1

access_dtm_ordenes_compra_audit_log,access.dtm.ordenes.compra.audit.log,model_dtm_ordenes_compra_audit_log,dtm_cotizaciones.group_ventas_usuarios,1,1,1,0
access_dtm_ordenes_compra_audit_log_admin,access.dtm.ordenes.compra.audit.log.admin,model_dtm_ordenes_compra_audit_log,dtm_cotizaciones.group_ventas_admin,1,1,1,1
access_dtm_ordenes_compra_audit_log_facturador,access.dtm.ordenes.compra.audit.log.facturador,model_dtm_ordenes_compra_audit_log,dtm_ordenes_compra.group_dtm_facturador,1,0,1,0